"dates","means","Type","country","Low","High","zeta_0_true","xi_0_true","zeta_1_true","xi_1_true"
2020-01-19,1.00052632987277,"Misidentified_Bayesian","australia",0.000112271523274754,2.99909775419932,2,18,2,8
2020-01-19,NA,"True(GI, infected)","australia",NA,NA,NA,NA,NA,NA
2020-01-19,NA,"True(SI, diagnosed)","australia",NA,NA,NA,NA,NA,NA
2020-01-20,0.89406499340524,"True(GI, infected)","australia",NA,NA,NA,NA,NA,NA
2020-01-20,1,"Misidentified_EpiEstim(no sliding)","australia",6.34421478143732e-09,2.99573240043829,2,18,2,8
2020-01-20,2.57105897943781,"Misidentified_Bayesian","australia",1.38012573992855,4.46839635109856,2,18,2,8
2020-01-20,NA,"True(SI, diagnosed)","australia",NA,NA,NA,NA,NA,NA
2020-01-21,0.541492511598451,"True(GI, infected)","australia",NA,NA,NA,NA,NA,NA
2020-01-21,1,"Misidentified_EpiEstim(no sliding)","australia",6.34421478143732e-09,2.99573240043829,2,18,2,8
2020-01-21,1.06744082350618,"Misidentified_Bayesian","australia",0.2267526113622,2.71639328113761,2,18,2,8
2020-01-21,NA,"True(SI, diagnosed)","australia",NA,NA,NA,NA,NA,NA
2020-01-22,0,"True(SI, diagnosed)","australia",NA,NA,NA,NA,NA,NA
2020-01-22,0.593324338087188,"True(GI, infected)","australia",NA,NA,NA,NA,NA,NA
2020-01-22,1.00390350377391,"Misidentified_EpiEstim(no sliding)","australia",0.000169459531716631,3.00252106683485,2,18,2,8
2020-01-22,1.04213130689458,"Misidentified_Bayesian","australia",0.197400923093564,2.69866418336662,2,18,2,8
2020-01-23,0.750762943841478,"True(GI, infected)","australia",NA,NA,NA,NA,NA,NA
2020-01-23,0.961956093372823,"Misidentified_Bayesian","australia",0.14139211875267,2.58627270989922,2,18,2,8
2020-01-23,1.01206588318951,"Misidentified_EpiEstim(no sliding)","australia",0.000765938578017638,3.01586315004188,2,18,2,8
2020-01-23,1.04681274900398,"True(SI, diagnosed)","australia",NA,NA,NA,NA,NA,NA
2020-01-24,0.45538278740882,"True(SI, diagnosed)","australia",NA,NA,NA,NA,NA,NA
2020-01-24,0.68635545955455,"True(GI, infected)","australia",NA,NA,NA,NA,NA,NA
2020-01-24,1.00870259226584,"Misidentified_EpiEstim(no sliding)","australia",0.000549990283711696,3.0058825713647,2,18,2,8
2020-01-24,1.03695529469995,"Misidentified_Bayesian","australia",0.200074348954522,2.67227728092348,2,18,2,8
2020-01-25,0.399859897833672,"True(SI, diagnosed)","australia",NA,NA,NA,NA,NA,NA
2020-01-25,0.729967146879421,"True(GI, infected)","australia",NA,NA,NA,NA,NA,NA
2020-01-25,1.00752238077158,"Misidentified_EpiEstim(no sliding)","australia",0.0013668881411926,2.99481439245751,2,18,2,8
2020-01-25,1.27186752110629,"Misidentified_Bayesian","australia",0.409084176323451,2.92991354513859,2,18,2,8
2020-01-26,0.7879681313956,"True(GI, infected)","australia",NA,NA,NA,NA,NA,NA
2020-01-26,0.858950773311061,"True(SI, diagnosed)","australia",NA,NA,NA,NA,NA,NA
2020-01-26,0.94149523559081,"Misidentified_Bayesian","australia",0.120636391845585,2.54644192348308,2,18,2,8
2020-01-26,1.01047088124098,"Misidentified_EpiEstim(no sliding)","australia",0.0016517496763907,2.98493552939116,2,18,2,8
2020-01-26,1.0406746819631,"Misidentified_EpiEstim(weekly sliding)","australia",0.00526802501077841,3.02221246629159,2,18,2,8
2020-01-27,0.62448866908002,"True(SI, diagnosed)","australia",NA,NA,NA,NA,NA,NA
2020-01-27,0.881843454197201,"True(GI, infected)","australia",NA,NA,NA,NA,NA,NA
2020-01-27,0.901441527948416,"Misidentified_Bayesian","australia",0.110897400697451,2.45875627501082,2,18,2,8
2020-01-27,0.98704889258716,"Misidentified_EpiEstim(no sliding)","australia",0.00218664035145053,2.92329385338922,2,18,2,8
2020-01-27,1.02744782359678,"Misidentified_EpiEstim(weekly sliding)","australia",0.00837979461346399,2.95942663659476,2,18,2,8
2020-01-28,0.707386653385504,"True(GI, infected)","australia",NA,NA,NA,NA,NA,NA
2020-01-28,0.845689304764038,"True(SI, diagnosed)","australia",NA,NA,NA,NA,NA,NA
2020-01-28,0.926578001147612,"Misidentified_Bayesian","australia",0.122317900461931,2.4883528018447,2,18,2,8
2020-01-28,0.999585948343177,"Misidentified_EpiEstim(no sliding)","australia",0.00338218770997925,2.92316449539945,2,18,2,8
2020-01-28,1.02782781008248,"Misidentified_EpiEstim(weekly sliding)","australia",0.0143947451540344,2.90826245338815,2,18,2,8
2020-01-29,0.751545841596261,"True(SI, diagnosed)","australia",NA,NA,NA,NA,NA,NA
2020-01-29,0.767437799908838,"True(GI, infected)","australia",NA,NA,NA,NA,NA,NA
2020-01-29,0.88706764361296,"Misidentified_Bayesian","australia",0.084119200319496,2.43431938600883,2,18,2,8
2020-01-29,0.988202694584972,"Misidentified_EpiEstim(no sliding)","australia",0.00459774685615929,2.88268174476884,2,18,2,8
2020-01-29,1.01631414350173,"Misidentified_EpiEstim(weekly sliding)","australia",0.0208183397255543,2.8303183320897,2,18,2,8
2020-01-30,0.674661517749624,"True(SI, diagnosed)","australia",NA,NA,NA,NA,NA,NA
2020-01-30,0.726226461043821,"True(GI, infected)","australia",NA,NA,NA,NA,NA,NA
2020-01-30,0.941068487020501,"Misidentified_Bayesian","australia",0.143231729454553,2.46940144743882,2,18,2,8
2020-01-30,0.979542598732323,"Misidentified_EpiEstim(no sliding)","australia",0.00573761580844232,2.84909363203112,2,18,2,8
2020-01-30,0.993637109093028,"Misidentified_EpiEstim(weekly sliding)","australia",0.0254651077401794,2.73120562714692,2,18,2,8
2020-01-31,0.761017382899582,"True(SI, diagnosed)","australia",NA,NA,NA,NA,NA,NA
2020-01-31,0.785086320625588,"True(GI, infected)","australia",NA,NA,NA,NA,NA,NA
2020-01-31,0.957322755529721,"Misidentified_Bayesian","australia",0.159899203332507,2.47705002312991,2,18,2,8
2020-01-31,0.977690310373816,"Misidentified_EpiEstim(weekly sliding)","australia",0.0340014059719948,2.64001448871059,2,18,2,8
2020-01-31,0.982482234103428,"Misidentified_EpiEstim(no sliding)","australia",0.00719051036869523,2.83472989818658,2,18,2,8
2020-02-01,0.814932034135227,"True(GI, infected)","australia",NA,NA,NA,NA,NA,NA
2020-02-01,0.845095932497729,"True(SI, diagnosed)","australia",NA,NA,NA,NA,NA,NA
2020-02-01,0.975127700924871,"Misidentified_EpiEstim(weekly sliding)","australia",0.0428308935747001,2.57221977133082,2,18,2,8
2020-02-01,0.994428008822683,"Misidentified_EpiEstim(no sliding)","australia",0.00998068860332029,2.83537928910366,2,18,2,8
2020-02-01,1.00329998667594,"Misidentified_Bayesian","australia",0.177869993601795,2.54513745828682,2,18,2,8
2020-02-02,0.799134389696166,"True(SI, diagnosed)","australia",NA,NA,NA,NA,NA,NA
2020-02-02,0.852117862757992,"True(GI, infected)","australia",NA,NA,NA,NA,NA,NA
2020-02-02,0.958121702260509,"Misidentified_EpiEstim(weekly sliding)","australia",0.0532043058138112,2.47561840096177,2,18,2,8
2020-02-02,0.978117619622621,"Misidentified_EpiEstim(no sliding)","australia",0.0123576009357668,2.77754843575483,2,18,2,8
2020-02-02,1.52401740056603,"Misidentified_Bayesian","australia",0.557032747577998,3.20678028345526,2,18,2,8
2020-02-03,0.784588983213899,"True(SI, diagnosed)","australia",NA,NA,NA,NA,NA,NA
2020-02-03,0.910483229679717,"True(GI, infected)","australia",NA,NA,NA,NA,NA,NA
2020-02-03,0.935362907226106,"Misidentified_EpiEstim(weekly sliding)","australia",0.0620674595070276,2.36978862838538,2,18,2,8
2020-02-03,0.955722475553268,"Misidentified_EpiEstim(no sliding)","australia",0.0102237652369911,2.71057394593191,2,18,2,8
2020-02-03,1.32614293275368,"Misidentified_Bayesian","australia",0.406964186357976,2.94283203982135,2,18,2,8
2020-02-04,0.787872754295009,"True(GI, infected)","australia",NA,NA,NA,NA,NA,NA
2020-02-04,0.813849626977757,"True(SI, diagnosed)","australia",NA,NA,NA,NA,NA,NA
2020-02-04,0.916079524755193,"Misidentified_EpiEstim(weekly sliding)","australia",0.0698795126389928,2.27549571014474,2,18,2,8
2020-02-04,0.960966327933266,"Misidentified_EpiEstim(no sliding)","australia",0.0126494879636132,2.69264186955527,2,18,2,8
2020-02-04,1.15728407072157,"Misidentified_Bayesian","australia",0.267351577485747,2.73860983419628,2,18,2,8
2020-02-05,0.812385601823215,"True(SI, diagnosed)","australia",NA,NA,NA,NA,NA,NA
2020-02-05,0.859393555753328,"True(GI, infected)","australia",NA,NA,NA,NA,NA,NA
2020-02-05,0.889482809655642,"Misidentified_EpiEstim(weekly sliding)","australia",0.0758873126013035,2.17336699447273,2,18,2,8
2020-02-05,0.934930235728613,"Misidentified_Bayesian","australia",0.113297906447163,2.42393908013297,2,18,2,8
2020-02-05,0.936299152394493,"Misidentified_EpiEstim(no sliding)","australia",0.0135418313099317,2.62196541641,2,18,2,8
2020-02-06,0.814281200490516,"True(SI, diagnosed)","australia",NA,NA,NA,NA,NA,NA
2020-02-06,0.823151241899046,"True(GI, infected)","australia",NA,NA,NA,NA,NA,NA
2020-02-06,0.878130093651255,"Misidentified_EpiEstim(weekly sliding)","australia",0.0857982535906673,2.10222310053227,2,18,2,8
2020-02-06,0.944060475599855,"Misidentified_EpiEstim(no sliding)","australia",0.0180507447146525,2.61478754639467,2,18,2,8
2020-02-06,0.978069831733105,"Misidentified_Bayesian","australia",0.138380029234352,2.47954686734387,2,18,2,8
2020-02-07,0.786635424026878,"True(GI, infected)","australia",NA,NA,NA,NA,NA,NA
2020-02-07,0.871073992289611,"Misidentified_EpiEstim(weekly sliding)","australia",0.10051100778122,2.0422830824825,2,18,2,8
2020-02-07,0.951799327034455,"True(SI, diagnosed)","australia",NA,NA,NA,NA,NA,NA
2020-02-07,0.959558905770732,"Misidentified_EpiEstim(no sliding)","australia",0.023308939315518,2.62554028586849,2,18,2,8
2020-02-07,1.02525678178806,"Misidentified_Bayesian","australia",0.169851005412918,2.52562825871855,2,18,2,8
2020-02-08,0.809242913438032,"True(GI, infected)","australia",NA,NA,NA,NA,NA,NA
2020-02-08,0.851563435678817,"Misidentified_EpiEstim(weekly sliding)","australia",0.108237496511624,1.96869207011891,2,18,2,8
2020-02-08,0.857389502163788,"True(SI, diagnosed)","australia",NA,NA,NA,NA,NA,NA
2020-02-08,0.942517878856684,"Misidentified_EpiEstim(no sliding)","australia",0.0185249097623447,2.58455856489252,2,18,2,8
2020-02-08,1.10152867028665,"Misidentified_Bayesian","australia",0.259117422380881,2.5878269441403,2,18,2,8
2020-02-09,0.828843775353553,"Misidentified_EpiEstim(weekly sliding)","australia",0.113955520189465,1.89636671844928,2,18,2,8
2020-02-09,0.850962578737387,"True(SI, diagnosed)","australia",NA,NA,NA,NA,NA,NA
2020-02-09,0.858541573756051,"True(GI, infected)","australia",NA,NA,NA,NA,NA,NA
2020-02-09,0.919150294911675,"Misidentified_Bayesian","australia",0.0877052998132289,2.38955880844974,2,18,2,8
2020-02-09,0.928204027307052,"Misidentified_EpiEstim(no sliding)","australia",0.0199461331880303,2.54667846717636,2,18,2,8
2020-02-10,0.81625807078697,"Misidentified_EpiEstim(weekly sliding)","australia",0.119203016461848,1.84797009831922,2,18,2,8
2020-02-10,0.85042145799515,"True(GI, infected)","australia",NA,NA,NA,NA,NA,NA
2020-02-10,0.902935767628101,"True(SI, diagnosed)","australia",NA,NA,NA,NA,NA,NA
2020-02-10,0.929730841881366,"Misidentified_EpiEstim(no sliding)","australia",0.0213893293646555,2.53814195737027,2,18,2,8
2020-02-10,0.936279924017428,"Misidentified_Bayesian","australia",0.103660638994745,2.40323529780095,2,18,2,8
2020-02-11,0.795202913628252,"Misidentified_EpiEstim(weekly sliding)","australia",0.120327740534924,1.79207583885133,2,18,2,8
2020-02-11,0.814988519306732,"True(SI, diagnosed)","australia",NA,NA,NA,NA,NA,NA
2020-02-11,0.865114579902596,"True(GI, infected)","australia",NA,NA,NA,NA,NA,NA
2020-02-11,0.882704361901144,"Misidentified_Bayesian","australia",0.0666616577143575,2.32297344843169,2,18,2,8
2020-02-11,0.910117431464028,"Misidentified_EpiEstim(no sliding)","australia",0.0213073910679009,2.49283314371384,2,18,2,8
2020-02-12,0.780244682079299,"True(SI, diagnosed)","australia",NA,NA,NA,NA,NA,NA
2020-02-12,0.781148554348712,"Misidentified_EpiEstim(weekly sliding)","australia",0.120661264402745,1.75551476295729,2,18,2,8
2020-02-12,0.889369317944928,"True(GI, infected)","australia",NA,NA,NA,NA,NA,NA
2020-02-12,0.896507605732645,"Misidentified_Bayesian","australia",0.0869523920160067,2.33072643887005,2,18,2,8
2020-02-12,0.90194412280506,"Misidentified_EpiEstim(no sliding)","australia",0.019710830426606,2.47406783504748,2,18,2,8
2020-02-13,0.770441911281,"Misidentified_EpiEstim(weekly sliding)","australia",0.123555777137284,1.72759905025187,2,18,2,8
2020-02-13,0.833726428855111,"True(SI, diagnosed)","australia",NA,NA,NA,NA,NA,NA
2020-02-13,0.906418734589001,"Misidentified_Bayesian","australia",0.0906413011384918,2.34208308660429,2,18,2,8
2020-02-13,0.907141881045312,"Misidentified_EpiEstim(no sliding)","australia",0.0237552594523276,2.47828920582245,2,18,2,8
2020-02-13,0.939440632043982,"True(GI, infected)","australia",NA,NA,NA,NA,NA,NA
2020-02-14,0.763122522293756,"Misidentified_EpiEstim(weekly sliding)","australia",0.123316183839182,1.71125303684863,2,18,2,8
2020-02-14,0.831443414099928,"True(SI, diagnosed)","australia",NA,NA,NA,NA,NA,NA
2020-02-14,0.885292431345039,"True(GI, infected)","australia",NA,NA,NA,NA,NA,NA
2020-02-14,0.911412803331684,"Misidentified_EpiEstim(no sliding)","australia",0.02125142870879,2.486972819251,2,18,2,8
2020-02-14,0.931762353115389,"Misidentified_Bayesian","australia",0.111134793723081,2.37405282886602,2,18,2,8
2020-02-15,0.748107725979092,"Misidentified_EpiEstim(weekly sliding)","australia",0.119812732236745,1.68684427883355,2,18,2,8
2020-02-15,0.774992133361359,"True(SI, diagnosed)","australia",NA,NA,NA,NA,NA,NA
2020-02-15,0.890198247083872,"Misidentified_Bayesian","australia",0.07877510958203,2.33322008108379,2,18,2,8
2020-02-15,0.893506526176203,"Misidentified_EpiEstim(no sliding)","australia",0.0200201110990892,2.46088100676999,2,18,2,8
2020-02-15,0.973576419702918,"True(GI, infected)","australia",NA,NA,NA,NA,NA,NA
2020-02-16,0.751475235101417,"Misidentified_EpiEstim(weekly sliding)","australia",0.121139623147824,1.69525378640155,2,18,2,8
2020-02-16,0.893056438554791,"True(SI, diagnosed)","australia",NA,NA,NA,NA,NA,NA
2020-02-16,0.897291963578213,"Misidentified_Bayesian","australia",0.0639495012647242,2.36404561915056,2,18,2,8
2020-02-16,0.914117535848508,"True(GI, infected)","australia",NA,NA,NA,NA,NA,NA
2020-02-16,0.922167652012271,"Misidentified_EpiEstim(no sliding)","australia",0.0242696051561529,2.51573921749022,2,18,2,8
2020-02-17,0.750912641827412,"Misidentified_EpiEstim(weekly sliding)","australia",0.120790364600828,1.70075543479584,2,18,2,8
2020-02-17,0.817042344873204,"True(GI, infected)","australia",NA,NA,NA,NA,NA,NA
2020-02-17,0.841925627821145,"True(SI, diagnosed)","australia",NA,NA,NA,NA,NA,NA
2020-02-17,0.913418996869847,"Misidentified_EpiEstim(no sliding)","australia",0.0229928890489893,2.50866207743803,2,18,2,8
2020-02-17,0.920737971001084,"Misidentified_Bayesian","australia",0.0981678826814449,2.38162214706257,2,18,2,8
2020-02-18,0.755585140179005,"Misidentified_EpiEstim(weekly sliding)","australia",0.121744238868873,1.71874207597427,2,18,2,8
2020-02-18,0.871635747360214,"True(SI, diagnosed)","australia",NA,NA,NA,NA,NA,NA
2020-02-18,0.894591244820109,"True(GI, infected)","australia",NA,NA,NA,NA,NA,NA
2020-02-18,0.922463016795702,"Misidentified_EpiEstim(no sliding)","australia",0.0243014221562033,2.53570409290361,2,18,2,8
2020-02-18,0.932176488690503,"Misidentified_Bayesian","australia",0.098309786471607,2.4222570356434,2,18,2,8
2020-02-19,0.758408080899449,"Misidentified_EpiEstim(weekly sliding)","australia",0.123186217415175,1.73548294251783,2,18,2,8
2020-02-19,0.827280704871984,"True(GI, infected)","australia",NA,NA,NA,NA,NA,NA
2020-02-19,0.862459835826087,"True(SI, diagnosed)","australia",NA,NA,NA,NA,NA,NA
2020-02-19,0.921460405803863,"Misidentified_Bayesian","australia",0.0892183025108253,2.41393588013734,2,18,2,8
2020-02-19,0.92367042566304,"Misidentified_EpiEstim(no sliding)","australia",0.0231477369651753,2.54685069691991,2,18,2,8
2020-02-20,0.758335623540887,"Misidentified_EpiEstim(weekly sliding)","australia",0.120078000040001,1.75350976342071,2,18,2,8
2020-02-20,0.79341306049795,"True(GI, infected)","australia",NA,NA,NA,NA,NA,NA
2020-02-20,0.88044773072097,"True(SI, diagnosed)","australia",NA,NA,NA,NA,NA,NA
2020-02-20,0.909830206136764,"Misidentified_Bayesian","australia",0.0773542615302127,2.40849834842687,2,18,2,8
2020-02-20,0.922110547672513,"Misidentified_EpiEstim(no sliding)","australia",0.0217615861819205,2.55492026632563,2,18,2,8
2020-02-21,0.759937603577832,"Misidentified_EpiEstim(weekly sliding)","australia",0.117497500327973,1.77786935401033,2,18,2,8
2020-02-21,0.815757840056959,"True(GI, infected)","australia",NA,NA,NA,NA,NA,NA
2020-02-21,0.930691393962006,"Misidentified_Bayesian","australia",0.0851980239116406,2.45635550869201,2,18,2,8
2020-02-21,0.936060960905797,"Misidentified_EpiEstim(no sliding)","australia",0.0233078290009022,2.58974397630936,2,18,2,8
2020-02-21,0.942431786254639,"True(SI, diagnosed)","australia",NA,NA,NA,NA,NA,NA
2020-02-22,0.769808723511773,"Misidentified_EpiEstim(weekly sliding)","australia",0.116168615757976,1.81868383428511,2,18,2,8
2020-02-22,0.795222461091883,"True(GI, infected)","australia",NA,NA,NA,NA,NA,NA
2020-02-22,0.894310227018865,"True(SI, diagnosed)","australia",NA,NA,NA,NA,NA,NA
2020-02-22,0.91986607506968,"Misidentified_Bayesian","australia",0.0742223919776491,2.45484483332413,2,18,2,8
2020-02-22,0.929502619380452,"Misidentified_EpiEstim(no sliding)","australia",0.019733395558688,2.59008460266811,2,18,2,8
2020-02-23,0.773192355854609,"Misidentified_EpiEstim(weekly sliding)","australia",0.112314763834084,1.85199234396086,2,18,2,8
2020-02-23,0.889218302379305,"True(GI, infected)","australia",NA,NA,NA,NA,NA,NA
2020-02-23,0.923532790393075,"Misidentified_Bayesian","australia",0.0824942530175836,2.46337196448271,2,18,2,8
2020-02-23,0.928357311355733,"True(SI, diagnosed)","australia",NA,NA,NA,NA,NA,NA
2020-02-23,0.934191828378892,"Misidentified_EpiEstim(no sliding)","australia",0.0257392363670989,2.60469021912807,2,18,2,8
2020-02-24,0.780605707863486,"Misidentified_EpiEstim(weekly sliding)","australia",0.109268320524618,1.89302619259511,2,18,2,8
2020-02-24,0.820887163953983,"True(GI, infected)","australia",NA,NA,NA,NA,NA,NA
2020-02-24,0.896383966500286,"True(SI, diagnosed)","australia",NA,NA,NA,NA,NA,NA
2020-02-24,0.910166566987777,"Misidentified_Bayesian","australia",0.0689029135916849,2.45390101138295,2,18,2,8
2020-02-24,0.933166082342425,"Misidentified_EpiEstim(no sliding)","australia",0.0220238493298276,2.61314892140764,2,18,2,8
2020-02-25,0.782230452886284,"Misidentified_EpiEstim(weekly sliding)","australia",0.102622838180336,1.92597620739536,2,18,2,8
2020-02-25,0.806121904812966,"True(SI, diagnosed)","australia",NA,NA,NA,NA,NA,NA
2020-02-25,0.908970432542026,"Misidentified_Bayesian","australia",0.0768928153628754,2.45620405617807,2,18,2,8
2020-02-25,0.916711862433062,"Misidentified_EpiEstim(no sliding)","australia",0.0157615114183143,2.59760030139286,2,18,2,8
2020-02-25,0.933026012029137,"True(GI, infected)","australia",NA,NA,NA,NA,NA,NA
2020-02-26,0.766362694965306,"True(SI, diagnosed)","australia",NA,NA,NA,NA,NA,NA
2020-02-26,0.784046602543153,"Misidentified_EpiEstim(weekly sliding)","australia",0.096117356234771,1.95989621808893,2,18,2,8
2020-02-26,0.902911145935001,"True(GI, infected)","australia",NA,NA,NA,NA,NA,NA
2020-02-26,0.917453887342937,"Misidentified_Bayesian","australia",0.079120582412562,2.48282373967056,2,18,2,8
2020-02-26,0.925210177678493,"Misidentified_EpiEstim(no sliding)","australia",0.0162817597561549,2.62222652697906,2,18,2,8
2020-02-27,0.786354603743477,"Misidentified_EpiEstim(weekly sliding)","australia",0.0903315348194697,1.99341651213605,2,18,2,8
2020-02-27,0.832652540301513,"True(SI, diagnosed)","australia",NA,NA,NA,NA,NA,NA
2020-02-27,0.913031494892574,"True(GI, infected)","australia",NA,NA,NA,NA,NA,NA
2020-02-27,0.918342806164239,"Misidentified_Bayesian","australia",0.0800445279963724,2.48884142836986,2,18,2,8
2020-02-27,0.923504086329966,"Misidentified_EpiEstim(no sliding)","australia",0.0180991469079831,2.62524652168313,2,18,2,8
2020-02-28,0.787065022693401,"Misidentified_EpiEstim(weekly sliding)","australia",0.0834441927701496,2.02493821637186,2,18,2,8
2020-02-28,0.800844672988966,"True(SI, diagnosed)","australia",NA,NA,NA,NA,NA,NA
2020-02-28,0.871100757686774,"True(GI, infected)","australia",NA,NA,NA,NA,NA,NA
2020-02-28,0.907410490693143,"Misidentified_Bayesian","australia",0.0661251909322492,2.48665130398002,2,18,2,8
2020-02-28,0.928507034294341,"Misidentified_EpiEstim(no sliding)","australia",0.0159075419274235,2.64554732322329,2,18,2,8
2020-02-29,0.801284810677113,"Misidentified_EpiEstim(weekly sliding)","australia",0.0819648828804738,2.0766972010351,2,18,2,8
2020-02-29,0.877008550664843,"True(GI, infected)","australia",NA,NA,NA,NA,NA,NA
2020-02-29,0.91064406888532,"True(SI, diagnosed)","australia",NA,NA,NA,NA,NA,NA
2020-02-29,0.957304660334659,"Misidentified_EpiEstim(no sliding)","australia",0.0217870141291003,2.7028720353128,2,18,2,8
2020-02-29,0.962490662785971,"Misidentified_Bayesian","australia",0.101140901933189,2.56828374272452,2,18,2,8
2020-03-01,0.710521568613026,"True(GI, infected)","australia",NA,NA,NA,NA,NA,NA
2020-03-01,0.7974504035171,"True(SI, diagnosed)","australia",NA,NA,NA,NA,NA,NA
2020-03-01,0.81723296873544,"Misidentified_EpiEstim(weekly sliding)","australia",0.0771295981717692,2.13067519563942,2,18,2,8
2020-03-01,0.924323543369273,"Misidentified_Bayesian","australia",0.0643530365397525,2.54057778627222,2,18,2,8
2020-03-01,0.948269493783584,"Misidentified_EpiEstim(no sliding)","australia",0.0164818359323798,2.69652769207376,2,18,2,8
2020-03-02,0.751319010210276,"True(GI, infected)","australia",NA,NA,NA,NA,NA,NA
2020-03-02,0.816267983232123,"True(SI, diagnosed)","australia",NA,NA,NA,NA,NA,NA
2020-03-02,0.833620703795287,"Misidentified_EpiEstim(weekly sliding)","australia",0.0731691664998533,2.18034589523758,2,18,2,8
2020-03-02,0.943137886457328,"Misidentified_Bayesian","australia",0.081765024989342,2.56161053716023,2,18,2,8
2020-03-02,0.947670817001264,"Misidentified_EpiEstim(no sliding)","australia",0.0161501125415114,2.69668190920874,2,18,2,8
2020-03-03,0.770327696013331,"True(GI, infected)","australia",NA,NA,NA,NA,NA,NA
2020-03-03,0.864785990310291,"Misidentified_EpiEstim(weekly sliding)","australia",0.0775096240877261,2.24080264486469,2,18,2,8
2020-03-03,0.982609422483095,"Misidentified_EpiEstim(no sliding)","australia",0.0234318815604448,2.7491504061356,2,18,2,8
2020-03-03,0.996816759611218,"Misidentified_Bayesian","australia",0.111076940688818,2.63579346668755,2,18,2,8
2020-03-03,1.03022186869623,"True(SI, diagnosed)","australia",NA,NA,NA,NA,NA,NA
2020-03-04,0.783793720247158,"True(GI, infected)","australia",NA,NA,NA,NA,NA,NA
2020-03-04,0.828896170563658,"True(SI, diagnosed)","australia",NA,NA,NA,NA,NA,NA
2020-03-04,0.886996291433524,"Misidentified_EpiEstim(weekly sliding)","australia",0.0798407497420132,2.27473488027557,2,18,2,8
2020-03-04,0.939702514931826,"Misidentified_Bayesian","australia",0.066644458492369,2.56010724682667,2,18,2,8
2020-03-04,0.965385931107407,"Misidentified_EpiEstim(no sliding)","australia",0.0207691721515875,2.70945375046141,2,18,2,8
2020-03-05,0.7805537161368,"True(GI, infected)","australia",NA,NA,NA,NA,NA,NA
2020-03-05,0.827752754204433,"True(SI, diagnosed)","australia",NA,NA,NA,NA,NA,NA
2020-03-05,0.923139382874399,"Misidentified_EpiEstim(weekly sliding)","australia",0.0847977395385008,2.31710634021832,2,18,2,8
2020-03-05,0.967793913807099,"Misidentified_Bayesian","australia",0.0760411427849007,2.58477872782537,2,18,2,8
2020-03-05,0.982506783376113,"Misidentified_EpiEstim(no sliding)","australia",0.0211039432991592,2.71740944393119,2,18,2,8
2020-03-06,0.751741943788935,"True(GI, infected)","australia",NA,NA,NA,NA,NA,NA
2020-03-06,0.894380588293238,"True(SI, diagnosed)","australia",NA,NA,NA,NA,NA,NA
2020-03-06,0.970814790791096,"Misidentified_EpiEstim(weekly sliding)","australia",0.097590754799498,2.35608104701453,2,18,2,8
2020-03-06,1.01181601761587,"Misidentified_Bayesian","australia",0.0852140755089247,2.63726378769272,2,18,2,8
2020-03-06,1.0137125906529,"Misidentified_EpiEstim(no sliding)","australia",0.0292668917097849,2.73611956590392,2,18,2,8
2020-03-07,0.738548730139471,"True(GI, infected)","australia",NA,NA,NA,NA,NA,NA
2020-03-07,0.801853424664816,"True(SI, diagnosed)","australia",NA,NA,NA,NA,NA,NA
2020-03-07,1.02661936683927,"Misidentified_EpiEstim(weekly sliding)","australia",0.118285580998526,2.38388522741281,2,18,2,8
2020-03-07,1.03461319912868,"Misidentified_EpiEstim(no sliding)","australia",0.0356918935271271,2.72165914599876,2,18,2,8
2020-03-07,1.0443715546889,"Misidentified_Bayesian","australia",0.0825744600161571,2.67027648328068,2,18,2,8
2020-03-08,0.76645714039304,"True(GI, infected)","australia",NA,NA,NA,NA,NA,NA
2020-03-08,0.793035559410234,"True(SI, diagnosed)","australia",NA,NA,NA,NA,NA,NA
2020-03-08,1.07519478101408,"Misidentified_Bayesian","australia",0.0760920321238508,2.68685856447567,2,18,2,8
2020-03-08,1.0778299900848,"Misidentified_EpiEstim(no sliding)","australia",0.0481762969734371,2.7266332385542,2,18,2,8
2020-03-08,1.09479544664752,"Misidentified_EpiEstim(weekly sliding)","australia",0.157008574467891,2.40302625986764,2,18,2,8
2020-03-09,0.779013945427858,"True(GI, infected)","australia",NA,NA,NA,NA,NA,NA
2020-03-09,0.832927713109672,"True(SI, diagnosed)","australia",NA,NA,NA,NA,NA,NA
2020-03-09,1.08340803647587,"Misidentified_Bayesian","australia",0.0940102103197533,2.61741712041694,2,18,2,8
2020-03-09,1.10656930288591,"Misidentified_EpiEstim(no sliding)","australia",0.0705548916258271,2.67800667346783,2,18,2,8
2020-03-09,1.15959443559516,"Misidentified_EpiEstim(weekly sliding)","australia",0.216513675225575,2.38767876437827,2,18,2,8
2020-03-10,0.790569023104847,"True(GI, infected)","australia",NA,NA,NA,NA,NA,NA
2020-03-10,0.827080521035497,"True(SI, diagnosed)","australia",NA,NA,NA,NA,NA,NA
2020-03-10,1.0629980455436,"Misidentified_Bayesian","australia",0.119266685701395,2.46744061264889,2,18,2,8
2020-03-10,1.1085486044674,"Misidentified_EpiEstim(no sliding)","australia",0.10343189422778,2.55465203721998,2,18,2,8
2020-03-10,1.18115276726197,"Misidentified_EpiEstim(weekly sliding)","australia",0.287497541100619,2.28209820259908,2,18,2,8
2020-03-11,0.787603769581969,"True(GI, infected)","australia",NA,NA,NA,NA,NA,NA
2020-03-11,0.798551690787147,"True(SI, diagnosed)","australia",NA,NA,NA,NA,NA,NA
2020-03-11,0.966233665352943,"Misidentified_Bayesian","australia",0.130394003003462,2.17206532774085,2,18,2,8
2020-03-11,1.04609363633542,"Misidentified_EpiEstim(no sliding)","australia",0.124041176054732,2.31444661875328,2,18,2,8
2020-03-11,1.15742937674092,"Misidentified_EpiEstim(weekly sliding)","australia",0.354482744940051,2.10407260034467,2,18,2,8
2020-03-12,0.797493582164737,"True(GI, infected)","australia",NA,NA,NA,NA,NA,NA
2020-03-12,0.809074731690824,"True(SI, diagnosed)","australia",NA,NA,NA,NA,NA,NA
2020-03-12,0.942343126495611,"Misidentified_Bayesian","australia",0.172030234381854,1.99286274713503,2,18,2,8
2020-03-12,1.02379063099305,"Misidentified_EpiEstim(no sliding)","australia",0.1652779641068,2.1421150114051,2,18,2,8
2020-03-12,1.11717476299315,"Misidentified_EpiEstim(weekly sliding)","australia",0.419031463783533,1.91339244941022,2,18,2,8
2020-03-13,0.786555618167336,"True(GI, infected)","australia",NA,NA,NA,NA,NA,NA
2020-03-13,0.83449094289539,"True(SI, diagnosed)","australia",NA,NA,NA,NA,NA,NA
2020-03-13,0.914525569370421,"Misidentified_Bayesian","australia",0.204937213261116,1.83236993144059,2,18,2,8
2020-03-13,0.977527374798222,"Misidentified_EpiEstim(no sliding)","australia",0.199433271495072,1.94839274514591,2,18,2,8
2020-03-13,1.0663199277231,"Misidentified_EpiEstim(weekly sliding)","australia",0.471109599014015,1.72893925682521,2,18,2,8
2020-03-14,0.445995307244968,"True(GI, infected)","australia",NA,NA,NA,NA,NA,NA
2020-03-14,0.843732357215344,"True(SI, diagnosed)","australia",NA,NA,NA,NA,NA,NA
2020-03-14,0.880158146163027,"Misidentified_Bayesian","australia",0.23393965436761,1.68285982172461,2,18,2,8
2020-03-14,0.932074188496847,"Misidentified_EpiEstim(no sliding)","australia",0.228975162340831,1.78002818461777,2,18,2,8
2020-03-14,1.01479498970176,"Misidentified_EpiEstim(weekly sliding)","australia",0.509599547442977,1.56725312566799,2,18,2,8
2020-03-15,0.45581529582078,"True(GI, infected)","australia",NA,NA,NA,NA,NA,NA
2020-03-15,0.848641515831507,"True(SI, diagnosed)","australia",NA,NA,NA,NA,NA,NA
2020-03-15,0.88732454133986,"Misidentified_Bayesian","australia",0.281868016565898,1.6142169127805,2,18,2,8
2020-03-15,0.924830680566059,"Misidentified_EpiEstim(no sliding)","australia",0.275639133911026,1.68564551443622,2,18,2,8
2020-03-15,0.975753107886632,"Misidentified_EpiEstim(weekly sliding)","australia",0.54325215293772,1.44236776917897,2,18,2,8
2020-03-16,0.451611387642873,"True(GI, infected)","australia",NA,NA,NA,NA,NA,NA
2020-03-16,0.858838917959862,"True(SI, diagnosed)","australia",NA,NA,NA,NA,NA,NA
2020-03-16,0.895960203720713,"Misidentified_Bayesian","australia",0.326486386566522,1.55988518165583,2,18,2,8
2020-03-16,0.932304696729821,"Misidentified_EpiEstim(no sliding)","australia",0.325262412585514,1.62735486663614,2,18,2,8
2020-03-16,0.95108912397885,"Misidentified_EpiEstim(weekly sliding)","australia",0.575939108473358,1.35158897838117,2,18,2,8
2020-03-17,0.451652257585424,"True(GI, infected)","australia",NA,NA,NA,NA,NA,NA
2020-03-17,0.810225881288082,"True(SI, diagnosed)","australia",NA,NA,NA,NA,NA,NA
2020-03-17,0.851959915232542,"Misidentified_Bayesian","australia",0.338363590029014,1.44294537115774,2,18,2,8
2020-03-17,0.896753388521507,"Misidentified_EpiEstim(no sliding)","australia",0.344894038180614,1.51985135424977,2,18,2,8
2020-03-17,0.922666921014014,"Misidentified_EpiEstim(weekly sliding)","australia",0.595365703139462,1.2693012202092,2,18,2,8
2020-03-18,0.460137125009541,"True(GI, infected)","australia",NA,NA,NA,NA,NA,NA
2020-03-18,0.739014433339465,"True(SI, diagnosed)","australia",NA,NA,NA,NA,NA,NA
2020-03-18,0.758973841553106,"Misidentified_Bayesian","australia",0.313257843446394,1.26501088455486,2,18,2,8
2020-03-18,0.825301966490837,"Misidentified_EpiEstim(no sliding)","australia",0.338281367450068,1.37082621441241,2,18,2,8
2020-03-18,0.887184367906703,"Misidentified_EpiEstim(weekly sliding)","australia",0.601043736529549,1.1883968206304,2,18,2,8
2020-03-19,0.460250807680612,"True(GI, infected)","australia",NA,NA,NA,NA,NA,NA
2020-03-19,0.658550062843773,"True(SI, diagnosed)","australia",NA,NA,NA,NA,NA,NA
2020-03-19,0.687835664367589,"Misidentified_Bayesian","australia",0.298367802052813,1.12863193611922,2,18,2,8
2020-03-19,0.759038235912051,"Misidentified_EpiEstim(no sliding)","australia",0.328675892378482,1.23739876376708,2,18,2,8
2020-03-19,0.844521778658809,"Misidentified_EpiEstim(weekly sliding)","australia",0.594077913234353,1.10691855569462,2,18,2,8
2020-03-20,0.456920184016321,"True(GI, infected)","australia",NA,NA,NA,NA,NA,NA
2020-03-20,0.611445648086024,"True(SI, diagnosed)","australia",NA,NA,NA,NA,NA,NA
2020-03-20,0.637039709152151,"Misidentified_Bayesian","australia",0.291818982742257,1.02487961752952,2,18,2,8
2020-03-20,0.702368536454304,"Misidentified_EpiEstim(no sliding)","australia",0.321858247069333,1.1225426750169,2,18,2,8
2020-03-20,0.799153082432621,"Misidentified_EpiEstim(weekly sliding)","australia",0.579464887526854,1.02845617915783,2,18,2,8
2020-03-21,0.466614319175842,"True(GI, infected)","australia",NA,NA,NA,NA,NA,NA
2020-03-21,0.571653438179116,"True(SI, diagnosed)","australia",NA,NA,NA,NA,NA,NA
2020-03-21,0.585445813062178,"Misidentified_Bayesian","australia",0.277990043039235,0.92664947318106,2,18,2,8
2020-03-21,0.643841133464167,"Misidentified_EpiEstim(no sliding)","australia",0.307590947139661,1.01296097946941,2,18,2,8
2020-03-21,0.751453530420413,"Misidentified_EpiEstim(weekly sliding)","australia",0.558446489884084,0.952284003554345,2,18,2,8
2020-03-22,0.47087566821971,"True(GI, infected)","australia",NA,NA,NA,NA,NA,NA
2020-03-22,0.543508094473269,"True(SI, diagnosed)","australia",NA,NA,NA,NA,NA,NA
2020-03-22,0.556656920338219,"Misidentified_Bayesian","australia",0.276542980722635,0.865531533173332,2,18,2,8
2020-03-22,0.597933613364524,"Misidentified_EpiEstim(no sliding)","australia",0.297839175061392,0.925597591101414,2,18,2,8
2020-03-22,0.7024668823298,"Misidentified_EpiEstim(weekly sliding)","australia",0.53265574962631,0.878709390978637,2,18,2,8
2020-03-23,0.474635878574148,"True(GI, infected)","australia",NA,NA,NA,NA,NA,NA
2020-03-23,0.523816666266745,"True(SI, diagnosed)","australia",NA,NA,NA,NA,NA,NA
2020-03-23,0.541202687886271,"Misidentified_Bayesian","australia",0.282763272971074,0.823653073023238,2,18,2,8
2020-03-23,0.565622196279101,"Misidentified_EpiEstim(no sliding)","australia",0.29354804503304,0.861259558696721,2,18,2,8
2020-03-23,0.654598286642099,"Misidentified_EpiEstim(weekly sliding)","australia",0.504708686836143,0.809833105753493,2,18,2,8
2020-03-24,0.473631665803012,"True(GI, infected)","australia",NA,NA,NA,NA,NA,NA
2020-03-24,0.50174949853207,"True(SI, diagnosed)","australia",NA,NA,NA,NA,NA,NA
2020-03-24,0.524342283502671,"Misidentified_Bayesian","australia",0.28377258475556,0.785516501577633,2,18,2,8
2020-03-24,0.535347856512592,"Misidentified_EpiEstim(no sliding)","australia",0.286694330963721,0.804501916789241,2,18,2,8
2020-03-24,0.61067369727768,"Misidentified_EpiEstim(weekly sliding)","australia",0.477536894418222,0.748306599668138,2,18,2,8
2020-03-25,0.477517310498206,"True(GI, infected)","australia",NA,NA,NA,NA,NA,NA
2020-03-25,0.495176678561228,"True(SI, diagnosed)","australia",NA,NA,NA,NA,NA,NA
2020-03-25,0.508611557277335,"Misidentified_Bayesian","australia",0.283135980270199,0.752081573480929,2,18,2,8
2020-03-25,0.508637642019508,"Misidentified_EpiEstim(no sliding)","australia",0.278793230957326,0.756683866704339,2,18,2,8
2020-03-25,0.573248952184295,"Misidentified_EpiEstim(weekly sliding)","australia",0.453873416167257,0.696458608256711,2,18,2,8
2020-03-26,0.483303585457321,"True(GI, infected)","australia",NA,NA,NA,NA,NA,NA
2020-03-26,0.487561640026905,"Misidentified_EpiEstim(no sliding)","australia",0.272488566286832,0.719142139566964,2,18,2,8
2020-03-26,0.488429501788541,"True(SI, diagnosed)","australia",NA,NA,NA,NA,NA,NA
2020-03-26,0.499117303356673,"Misidentified_Bayesian","australia",0.285384495479482,0.729314907572219,2,18,2,8
2020-03-26,0.541766144914058,"Misidentified_EpiEstim(weekly sliding)","australia",0.433578131310169,0.653274821337376,2,18,2,8
2020-03-27,0.472891623497828,"Misidentified_EpiEstim(no sliding)","australia",0.268685298050465,0.69234931633794,2,18,2,8
2020-03-27,0.486896221713279,"True(SI, diagnosed)","australia",NA,NA,NA,NA,NA,NA
2020-03-27,0.489018068272054,"True(GI, infected)","australia",NA,NA,NA,NA,NA,NA
2020-03-27,0.494347360081068,"Misidentified_Bayesian","australia",0.28821289836032,0.715176498967682,2,18,2,8
2020-03-27,0.51550910136255,"Misidentified_EpiEstim(weekly sliding)","australia",0.416344897479665,0.617597294025047,2,18,2,8
2020-03-28,0.142080006217918,"True(GI, infected)","australia",NA,NA,NA,NA,NA,NA
2020-03-28,0.465484519058338,"Misidentified_EpiEstim(no sliding)","australia",0.268155033719734,0.67714368802514,2,18,2,8
2020-03-28,0.486980211088793,"True(SI, diagnosed)","australia",NA,NA,NA,NA,NA,NA
2020-03-28,0.495196641420517,"Misidentified_EpiEstim(weekly sliding)","australia",0.403095828043862,0.589916634427772,2,18,2,8
2020-03-28,0.498528276036378,"Misidentified_Bayesian","australia",0.296926638582864,0.715149898277,2,18,2,8
2020-03-29,0.144072069619474,"True(GI, infected)","australia",NA,NA,NA,NA,NA,NA
2020-03-29,0.462179315228676,"Misidentified_EpiEstim(no sliding)","australia",0.26977734976322,0.668278488577744,2,18,2,8
2020-03-29,0.479813176079425,"Misidentified_EpiEstim(weekly sliding)","australia",0.393175142821632,0.568838251131473,2,18,2,8
2020-03-29,0.487678675147046,"True(SI, diagnosed)","australia",NA,NA,NA,NA,NA,NA
2020-03-29,0.505246123113884,"Misidentified_Bayesian","australia",0.306216449743576,0.717895644503716,2,18,2,8
2020-03-30,0.143157304082821,"True(GI, infected)","australia",NA,NA,NA,NA,NA,NA
2020-03-30,0.442887706620267,"Misidentified_EpiEstim(no sliding)","australia",0.257419078768635,0.641658745464276,2,18,2,8
2020-03-30,0.46511413771264,"Misidentified_EpiEstim(weekly sliding)","australia",0.382948303181726,0.54949211436833,2,18,2,8
2020-03-30,0.481809027939039,"True(SI, diagnosed)","australia",NA,NA,NA,NA,NA,NA
2020-03-30,0.489240433055746,"Misidentified_Bayesian","australia",0.29635501165219,0.695923651246808,2,18,2,8
2020-03-31,0.146246661045867,"True(GI, infected)","australia",NA,NA,NA,NA,NA,NA
2020-03-31,0.424583459759878,"Misidentified_EpiEstim(no sliding)","australia",0.244636410038201,0.61762744302259,2,18,2,8
2020-03-31,0.45114922733611,"Misidentified_EpiEstim(weekly sliding)","australia",0.372590722457573,0.531790971377858,2,18,2,8
2020-03-31,0.460053798552195,"True(SI, diagnosed)","australia",NA,NA,NA,NA,NA,NA
2020-03-31,0.47318484128299,"Misidentified_Bayesian","australia",0.284848996470549,0.674478527985083,2,18,2,8
2020-04-01,0.1487449118293,"True(GI, infected)","australia",NA,NA,NA,NA,NA,NA
2020-04-01,0.403206386682412,"Misidentified_EpiEstim(no sliding)","australia",0.228667069984971,0.590814903511191,2,18,2,8
2020-04-01,0.437116818833646,"Misidentified_EpiEstim(weekly sliding)","australia",0.361495272068023,0.514730035798949,2,18,2,8
2020-04-01,0.44155336417065,"True(SI, diagnosed)","australia",NA,NA,NA,NA,NA,NA
2020-04-01,0.452847958772331,"Misidentified_Bayesian","australia",0.269297408993811,0.64901800326939,2,18,2,8
2020-04-02,0.149620612017472,"True(GI, infected)","australia",NA,NA,NA,NA,NA,NA
2020-04-02,0.361096079839106,"Misidentified_EpiEstim(no sliding)","australia",0.196192095787011,0.539236948096222,2,18,2,8
2020-04-02,0.390523431655763,"True(SI, diagnosed)","australia",NA,NA,NA,NA,NA,NA
2020-04-02,0.404553774824128,"Misidentified_Bayesian","australia",0.230924564387009,0.590935634559382,2,18,2,8
2020-04-02,0.419514948575103,"Misidentified_EpiEstim(weekly sliding)","australia",0.346570747140185,0.494390376077402,2,18,2,8
2020-04-03,0.146177481089851,"True(GI, infected)","australia",NA,NA,NA,NA,NA,NA
2020-04-03,0.321487471549656,"Misidentified_EpiEstim(no sliding)","australia",0.16549413779247,0.4910813481932,2,18,2,8
2020-04-03,0.346493688491749,"True(SI, diagnosed)","australia",NA,NA,NA,NA,NA,NA
2020-04-03,0.35923847696662,"Misidentified_Bayesian","australia",0.195826045558585,0.536206908454861,2,18,2,8
2020-04-03,0.398329466951868,"Misidentified_EpiEstim(weekly sliding)","australia",0.327899763495293,0.470657239321448,2,18,2,8
2020-04-04,0.153082603449976,"True(GI, infected)","australia",NA,NA,NA,NA,NA,NA
2020-04-04,0.290820434923658,"Misidentified_EpiEstim(no sliding)","australia",0.14107623955628,0.45473003407608,2,18,2,8
2020-04-04,0.306738299169649,"True(SI, diagnosed)","australia",NA,NA,NA,NA,NA,NA
2020-04-04,0.323777893530325,"Misidentified_Bayesian","australia",0.167241381867713,0.494693788910344,2,18,2,8
2020-04-04,0.374045434214348,"Misidentified_EpiEstim(weekly sliding)","australia",0.306003545046215,0.443977218857779,2,18,2,8
2020-04-05,0.161555186753885,"True(GI, infected)","australia",NA,NA,NA,NA,NA,NA
2020-04-05,0.25575359490399,"Misidentified_EpiEstim(no sliding)","australia",0.113587296045433,0.412967194094952,2,18,2,8
2020-04-05,0.265151173776922,"True(SI, diagnosed)","australia",NA,NA,NA,NA,NA,NA
2020-04-05,0.281006586509853,"Misidentified_Bayesian","australia",0.133584994178329,0.443862198622004,2,18,2,8
2020-04-05,0.345447814117857,"Misidentified_EpiEstim(weekly sliding)","australia",0.279862106718557,0.412939816640357,2,18,2,8
2020-04-06,0.151353003900336,"True(GI, infected)","australia",NA,NA,NA,NA,NA,NA
2020-04-06,0.235787708772898,"Misidentified_EpiEstim(no sliding)","australia",0.0969179549508739,0.390924346482337,2,18,2,8
2020-04-06,0.236658078453836,"True(SI, diagnosed)","australia",NA,NA,NA,NA,NA,NA
2020-04-06,0.258144058284717,"Misidentified_Bayesian","australia",0.114446260272906,0.418091579564185,2,18,2,8
2020-04-06,0.316590163720297,"Misidentified_EpiEstim(weekly sliding)","australia",0.253229924887404,0.381898230080976,2,18,2,8
2020-04-07,0.16161288150412,"True(GI, infected)","australia",NA,NA,NA,NA,NA,NA
2020-04-07,0.209641027664531,"True(SI, diagnosed)","australia",NA,NA,NA,NA,NA,NA
2020-04-07,0.212949675754706,"Misidentified_EpiEstim(no sliding)","australia",0.0782264566665521,0.365617531357593,2,18,2,8
2020-04-07,0.230570226860592,"Misidentified_Bayesian","australia",0.0924978995545502,0.387089470817693,2,18,2,8
2020-04-07,0.286715942855263,"Misidentified_EpiEstim(weekly sliding)","australia",0.225498430484279,0.349950106292906,2,18,2,8
2020-04-08,0.157945148868183,"True(GI, infected)","australia",NA,NA,NA,NA,NA,NA
2020-04-08,0.18879987895308,"True(SI, diagnosed)","australia",NA,NA,NA,NA,NA,NA
2020-04-08,0.200815926295672,"Misidentified_EpiEstim(no sliding)","australia",0.0661817774442265,0.355501186533889,2,18,2,8
2020-04-08,0.216455783490324,"Misidentified_Bayesian","australia",0.0785813154911319,0.374260333503326,2,18,2,8
2020-04-08,0.257183469296499,"Misidentified_EpiEstim(weekly sliding)","australia",0.197966094670282,0.318516760293001,2,18,2,8
2020-04-09,0.152202685683326,"True(GI, infected)","australia",NA,NA,NA,NA,NA,NA
2020-04-09,0.174532815252008,"True(SI, diagnosed)","australia",NA,NA,NA,NA,NA,NA
2020-04-09,0.193045189136945,"Misidentified_EpiEstim(no sliding)","australia",0.0569970007176889,0.351953805441927,2,18,2,8
2020-04-09,0.206512516920241,"Misidentified_Bayesian","australia",0.0683667149307807,0.368452687717507,2,18,2,8
2020-04-09,0.231732257895858,"Misidentified_EpiEstim(weekly sliding)","australia",0.173973979603473,0.291740774365485,2,18,2,8
2020-04-10,0.152660808796502,"True(GI, infected)","australia",NA,NA,NA,NA,NA,NA
2020-04-10,0.171628968971325,"True(SI, diagnosed)","australia",NA,NA,NA,NA,NA,NA
2020-04-10,0.192754223396828,"Misidentified_EpiEstim(no sliding)","australia",0.0509358769889744,0.360606228530006,2,18,2,8
2020-04-10,0.205757814185894,"Misidentified_Bayesian","australia",0.0617514331456291,0.376545679644235,2,18,2,8
2020-04-10,0.21095544264101,"Misidentified_EpiEstim(weekly sliding)","australia",0.153977040264558,0.270358950667588,2,18,2,8
2020-04-11,0.152130397947478,"True(GI, infected)","australia",NA,NA,NA,NA,NA,NA
2020-04-11,0.156150088271544,"True(SI, diagnosed)","australia",NA,NA,NA,NA,NA,NA
2020-04-11,0.183410268258509,"Misidentified_EpiEstim(no sliding)","australia",0.0413559346052602,0.356194321887233,2,18,2,8
2020-04-11,0.192548001538664,"Misidentified_EpiEstim(weekly sliding)","australia",0.135946468605365,0.251798027726446,2,18,2,8
2020-04-11,0.193918442058986,"Misidentified_Bayesian","australia",0.0510035696340026,0.368667664754398,2,18,2,8
2020-04-12,0.152865452696273,"True(SI, diagnosed)","australia",NA,NA,NA,NA,NA,NA
2020-04-12,0.153965670815441,"True(GI, infected)","australia",NA,NA,NA,NA,NA,NA
2020-04-12,0.178809248615117,"Misidentified_EpiEstim(weekly sliding)","australia",0.121788720380237,0.23875822425181,2,18,2,8
2020-04-12,0.184806658732942,"Misidentified_EpiEstim(no sliding)","australia",0.0363887217830586,0.369228007582574,2,18,2,8
2020-04-12,0.195329631322537,"Misidentified_Bayesian","australia",0.0453513668554214,0.382434295419564,2,18,2,8
2020-04-13,0.148752543440365,"True(SI, diagnosed)","australia",NA,NA,NA,NA,NA,NA
2020-04-13,0.160647103116278,"True(GI, infected)","australia",NA,NA,NA,NA,NA,NA
2020-04-13,0.167242521936004,"Misidentified_EpiEstim(weekly sliding)","australia",0.109320714927248,0.228440024776623,2,18,2,8
2020-04-13,0.18499033192962,"Misidentified_EpiEstim(no sliding)","australia",0.0306393169174747,0.381812599852169,2,18,2,8
2020-04-13,0.196954649075703,"Misidentified_Bayesian","australia",0.0396620157465241,0.397476143386183,2,18,2,8
2020-04-14,0.148028401663276,"True(SI, diagnosed)","australia",NA,NA,NA,NA,NA,NA
2020-04-14,0.159330093453913,"Misidentified_EpiEstim(weekly sliding)","australia",0.0996828840189262,0.222678949370477,2,18,2,8
2020-04-14,0.173746172540509,"True(GI, infected)","australia",NA,NA,NA,NA,NA,NA
2020-04-14,0.19031611891122,"Misidentified_EpiEstim(no sliding)","australia",0.026915611778083,0.403792786535676,2,18,2,8
2020-04-14,0.202405974010512,"Misidentified_Bayesian","australia",0.0351719359500504,0.421100457778667,2,18,2,8
2020-04-15,0,"True(GI, infected)","australia",NA,NA,NA,NA,NA,NA
2020-04-15,0,"True(SI, diagnosed)","australia",NA,NA,NA,NA,NA,NA
2020-04-15,0.075438774845327,"Misidentified_Bayesian","australia",4.71119391146653e-05,0.225940724912156,2,18,2,8
2020-04-15,0.0754957472441354,"Misidentified_EpiEstim(no sliding)","australia",4.789612356019e-10,0.226165056114556,2,18,2,8
2020-04-15,0.141618150840093,"Misidentified_EpiEstim(weekly sliding)","australia",0.0822760968808196,0.205194081937773,2,18,2,8
